223239,33,AC,01,Rosenda,Rauscher,rrauscher,Accounting
223723,55,HR,02,Lecia,Schmitt,lschmitt,Human Resources
221936,49,MG,01,Junko,Cory,jcory,Management
222158,55,HR,01,Filiberto,Juhasz,fjuhasz,Human Resources
223942,33,AC,01,Latonya,Utz,lutz,Accounting
223634,33,AC,00,Xenia,Lazaro,xlazaro,Accounting
223242,55,HR,00,Tammy,Staab,tstaab,Human Resources
224529,33,AC,00,Janey,Montrose,jmontrose,Accounting
224536,55,HR,00,Willena,Borchardt,wborchardt,Human Resources
225080,55,HR,01,Sydney,Ansari,sansari,Human Resources
222847,55,HR,00,Danelle,Wayland,dwayland,Human Resources
223500,33,AC,00,Salley,Paulk,spaulk,Accounting
224127,55,HR,00,Shaneka,Yandell,syandell,Human Resources
222991,51,SC,00,Eilene,Audia,eaudia,Security
224803,49,MG,00,Refugia,Deltoro,rdeltoro,Management
223160,33,AC,01,Floretta,Lafferty,flafferty,Accounting
222953,55,HR,00,Debbra,Honea,dhonea,Human Resources
223747,33,AC,00,Josefa,Jeanlouis,jjeanlouis,Accounting
224141,49,MG,05,Cornell,Popovich,cpopovich,Management
222777,40,JA,00,Carlita,Madera,cmadera,Janitorial
222394,55,HR,00,Helena,Deckard,hdeckard,Human Resources
222664,40,JA,01,Cayla,Methvin,cmethvin,Janitorial
222376,55,HR,00,Milagros,Kong,mkong,Human Resources
223759,55,HR,00,Haywood,Norton,hnorton,Human Resources
225353,33,AC,00,Gidget,Pak,gpak,Accounting
222690,33,AC,00,Stacee,Drew,sdrew,Accounting
222522,55,HR,00,Bess,Abate,babate,Human Resources
223916,55,HR,00,Cristy,Dorothy,cdorothy,Human Resources
222308,33,AC,00,Royce,Rotunno,rrotunno,Accounting
223789,55,HR,00,Bethel,Bowes,bbowes,Human Resources
224333,49,MG,00,Monserrate,Oram,moram,Management
223135,58,IT,00,India,Felix,ifelix,Information Technology
223035,55,HR,00,Dawna,Torgeson,dtorgeson,Human Resources
223621,55,HR,00,Yahaira,Swink,yswink,Human Resources
225263,55,HR,00,Laure,Mcenaney,lmcenaney,Human Resources
224072,49,MG,00,Antionette,Roehrig,aroehrig,Management
224043,55,HR,00,Odelia,Bagby,obagby,Human Resources
222891,55,HR,00,Guillermina,Lundy,glundy,Human Resources
221859,55,HR,01,Adrienne,Kimbell,akimbell,Human Resources
224901,55,HR,00,Eloisa,Nolan,enolan,Human Resources
223925,49,MG,00,Lauren,Petersen,lpetersen,Management
225195,58,IT,03,Rosalyn,Ostler,rostler,Information Technology
224002,49,MG,00,Carlene,Poch,cpoch,Management
222586,55,HR,00,Octavio,Whitmore,owhitmore,Human Resources
223974,55,HR,00,Florentino,Waldron,fwaldron,Human Resources
222557,33,AC,00,Fredric,Cage,fcage,Accounting
223737,55,HR,01,Christene,Halliburton,challiburton,Human Resources
222803,55,HR,00,Sharon,Habib,shabib,Human Resources
223739,55,HR,00,Ethelene,Wnuk,ewnuk,Human Resources
222758,55,HR,00,Mistie,Bothe,mbothe,Human Resources
223042,55,HR,00,Lolita,Maxfield,lmaxfield,Human Resources
223650,55,HR,00,Ethelene,Chapin,echapin,Human Resources
223428,55,HR,01,Pansy,Bohr,pbohr,Human Resources
224497,55,HR,00,Audrey,Brase,abrase,Human Resources
223142,49,MG,00,Manual,Freedman,mfreedman,Management
223490,55,HR,00,Almeta,Santacruz,asantacruz,Human Resources
222184,55,HR,00,Kori,Magnuson,kmagnuson,Human Resources
222851,55,HR,00,Larissa,Hampson,lhampson,Human Resources
223481,55,HR,00,Ute,Dillard,udillard,Human Resources
223228,33,AC,00,Marica,Mijangos,mmijangos,Accounting
224272,33,AC,00,Marcella,Strahl,mstrahl,Accounting
223275,55,HR,00,Sharyn,Hove,shove,Human Resources
222077,49,MG,01,Shalon,Crabill,scrabill,Management
224839,55,HR,00,Jacque,Briseno,jbriseno,Human Resources
223411,49,MG,00,Coletta,Gillman,cgillman,Management
222942,55,HR,00,Cecelia,Kreider,ckreider,Human Resources
222525,51,SC,00,Kanesha,Oniel,koniel,Security
224411,55,HR,00,Terrilyn,Hurtado,thurtado,Human Resources
223437,55,HR,00,Marci,Westlake,mwestlake,Human Resources
223507,33,AC,00,Sherice,Paneto,spaneto,Accounting
223448,33,AC,00,Ricarda,Rencher,rrencher,Accounting
224595,33,AC,02,Jama,Maltese,jmaltese,Accounting
223746,33,AC,02,Leeanne,Fiore,lfiore,Accounting
223403,55,HR,00,Latanya,Gatton,lgatton,Human Resources
222659,33,AC,00,Daine,Jansky,djansky,Accounting
224065,55,HR,00,Lala,Guzman,lguzman,Human Resources
224647,55,HR,00,Keira,Bynoe,kbynoe,Human Resources
224818,55,HR,00,Hae,Litle,hlitle,Human Resources
222284,51,SC,00,Shantel,Widell,swidell,Security
221974,55,HR,00,Travis,Broce,tbroce,Human Resources
221857,49,MG,00,Oliver,Glessner,oglessner,Management
223261,33,AC,00,Sharleen,Peru,speru,Accounting
222962,49,MG,01,Raguel,Demaio,rdemaio,Management
223429,55,HR,00,Christene,Hippert,chippert,Human Resources
223409,55,HR,00,Nicolette,Remsen,nremsen,Human Resources
224710,55,HR,00,Babara,Suh,bsuh,Human Resources
222799,33,AC,00,Yolonda,Maitland,ymaitland,Accounting
222590,55,HR,01,Halina,Byrnes,hbyrnes,Human Resources
223610,55,HR,00,Tarra,Pollack,tpollack,Human Resources
224167,33,AC,00,Pearle,Merwin,pmerwin,Accounting
224313,33,AC,03,Chrissy,Colton,ccolton,Accounting
224196,49,MG,00,Darline,Lark,dlark,Management
221825,55,HR,00,Lynda,Mustard,lmustard,Human Resources
223499,58,IT,00,Jade,Gunderson,jgunderson,Information Technology
222507,55,HR,04,Jefferey,Kirst,jkirst,Human Resources
224100,55,HR,00,Lue,Sly,lsly,Human Resources
223278,55,HR,00,Nicolasa,Riess,nriess,Human Resources
222713,55,HR,00,Sara,Engen,sengen,Human Resources
225445,33,AC,00,Cleveland,Okelly,cokelly,Accounting
223389,49,MG,00,Cherish,Sorrells,csorrells,Management
222670,55,HR,01,Lynette,Skillern,lskillern,Human Resources
222941,49,MG,00,Pam,Liz,pliz,Management
223787,55,HR,00,Kiera,Bondurant,kbondurant,Human Resources
224193,33,AC,01,Dorothy,Schnieders,dschnieders,Accounting
224689,55,HR,00,Anthony,Butterfield,abutterfield,Human Resources
222307,55,HR,00,Trisha,Schuett,tschuett,Human Resources
225289,55,HR,00,Nanette,Propes,npropes,Human Resources
223977,55,HR,01,Abram,Tatham,atatham,Human Resources
223423,49,MG,00,Florencio,Yuhas,fyuhas,Management
223551,49,MG,00,Vilma,Lige,vlige,Management
222871,55,HR,01,Bernetta,Molton,bmolton,Human Resources
223266,55,HR,00,Hyacinth,Nation,hnation,Human Resources
223075,33,AC,00,Leena,Osorio,losorio,Accounting
223887,55,HR,00,Danyelle,Tokar,dtokar,Human Resources
222556,33,AC,01,Colene,Farner,cfarner,Accounting
222380,55,HR,00,Elfriede,Solley,esolley,Human Resources
223006,55,HR,00,Lanie,Skow,lskow,Human Resources
222294,55,HR,00,Lucius,Abreu,labreu,Human Resources
224447,33,AC,02,Maile,Delmonte,mdelmonte,Accounting
223872,55,HR,02,Earle,Hoskins,ehoskins,Human Resources
222570,33,AC,02,Joey,Alloway,jalloway,Accounting
223322,55,HR,01,Kay,Fauver,kfauver,Human Resources
222333,33,AC,00,Janna,Minick,jminick,Accounting
223433,33,AC,00,Linnea,Lacayo,llacayo,Accounting
223591,33,AC,00,Aurora,Montville,amontville,Accounting
222934,33,AC,00,Denice,Mumper,dmumper,Accounting
222712,49,MG,01,Leoma,Parshall,lparshall,Management
223608,55,HR,01,Lyle,Brumbelow,lbrumbelow,Human Resources
224761,33,AC,00,Mai,Amavisca,mamavisca,Accounting
224329,33,AC,00,America,Doepke,adoepke,Accounting
223069,58,IT,01,Jorge,Sergent,jsergent,Information Technology
222108,33,AC,01,Dylan,Dunfee,ddunfee,Accounting
223130,55,HR,00,Britta,Troupe,btroupe,Human Resources
222412,55,HR,00,Bebe,Force,bforce,Human Resources
223480,33,AC,01,Jenelle,Pleasants,jpleasants,Accounting
224726,33,AC,00,Makeda,Pelton,mpelton,Accounting
223579,49,MG,00,Charline,Jacob,cjacob,Management
224407,33,AC,02,Collin,Ferry,cferry,Accounting
223427,55,HR,02,Tambra,Melody,tmelody,Human Resources
223497,33,AC,02,Christopher,Fargo,cfargo,Accounting
223140,58,IT,00,Viki,Mera,vmera,Information Technology
223294,55,HR,01,Faith,Vernon,fvernon,Human Resources
223574,33,AC,00,Joane,Deel,jdeel,Accounting
224275,40,JA,00,Camilla,Musso,cmusso,Janitorial
223310,49,MG,00,Dalton,Loughran,dloughran,Management
223822,33,AC,00,Paige,Delnero,pdelnero,Accounting
222178,33,AC,02,Reyes,Layton,rlayton,Accounting
223995,49,MG,02,Anissa,Cordon,acordon,Management
224930,55,HR,00,Tyrone,Ruud,truud,Human Resources
222702,33,AC,02,Oscar,Lomeli,olomeli,Accounting
222301,33,AC,00,Daniel,Pietz,dpietz,Accounting
223607,58,IT,00,Annette,Vasquez,avasquez,Information Technology
222719,55,HR,02,Tonisha,Webb,twebb,Human Resources
223770,55,HR,00,Danette,Huskey,dhuskey,Human Resources
223344,55,HR,00,Byron,Sharper,bsharper,Human Resources
224972,33,AC,00,Sade,Matthew,smatthew,Accounting
224981,55,HR,01,Edythe,Zambrana,ezambrana,Human Resources
223742,55,HR,02,Nettie,Strasser,nstrasser,Human Resources
226304,55,HR,00,Tamie,Quesenberry,tquesenberry,Human Resources
222588,55,HR,00,Myong,Beran,mberan,Human Resources
223503,55,HR,00,Kristeen,Massa,kmassa,Human Resources
224203,49,MG,01,Darell,Risko,drisko,Management
223666,55,HR,00,Scottie,Benesh,sbenesh,Human Resources
226157,58,IT,00,Illa,Friedel,ifriedel,Information Technology
225171,55,HR,00,Jada,Werner,jwerner,Human Resources
225515,55,HR,01,Ranae,Knaack,rknaack,Human Resources
224142,55,HR,00,Tonya,Raab,traab,Human Resources
223880,55,HR,02,Karl,Scherer,kscherer,Human Resources
224135,49,MG,00,Antony,Copley,acopley,Management
222940,55,HR,01,Lurlene,Zielinski,lzielinski,Human Resources
223442,55,HR,00,Slyvia,Kates,skates,Human Resources
223882,55,HR,01,Nell,Gosney,ngosney,Human Resources
223032,49,MG,01,Lynwood,Dinkins,ldinkins,Management
224022,55,HR,01,Hershel,Murchison,hmurchison,Human Resources
223357,55,HR,01,Claire,Hibbs,chibbs,Human Resources
223479,55,HR,01,Zulema,Mazzone,zmazzone,Human Resources
223088,33,AC,01,Omega,Litz,olitz,Accounting
224024,49,MG,01,Justa,Lague,jlague,Management
223522,49,MG,01,Minnie,Fortner,mfortner,Management
222916,33,AC,00,Rosio,Loth,rloth,Accounting
222105,55,HR,00,Tyree,Cripe,tcripe,Human Resources
222950,55,HR,00,Elba,Howey,ehowey,Human Resources
223431,55,HR,00,Maisha,Evans,mevans,Human Resources
223741,49,MG,00,Maragret,Rudisill,mrudisill,Management
224633,33,AC,00,Marie,Sherwin,msherwin,Accounting
223296,33,AC,00,Yuk,Demyan,ydemyan,Accounting
225594,55,HR,00,Monet,Bogert,mbogert,Human Resources
223174,55,HR,00,Zoe,Mancuso,zmancuso,Human Resources
224114,49,MG,00,Shaunta,Cirilo,scirilo,Management
224420,33,AC,00,Lesa,Filippone,lfilippone,Accounting
222183,55,HR,02,Javier,Heywood,jheywood,Human Resources
224971,55,HR,00,Larisa,Scurry,lscurry,Human Resources
224305,49,MG,00,Larry,Phinney,lphinney,Management
226544,49,MG,03,Anja,Fail,afail,Management
222133,55,HR,00,Setsuko,Auguste,sauguste,Human Resources
223375,49,MG,00,Cyndi,Alcantar,calcantar,Management
222974,55,HR,00,Twanda,Fifer,tfifer,Human Resources
223582,55,HR,04,Elinor,Couture,ecouture,Human Resources
223959,55,HR,00,Theo,Grill,tgrill,Human Resources
223189,33,AC,02,Marcelina,Stancill,mstancill,Accounting
